signal_date,canonical_ts_code,industry_code,total_mv_cny,universe_eligible,bm_proxy,bm_proxy_winsorized,bm_proxy_z,momentum_12_1,momentum_12_1_winsorized,momentum_12_1_z,lowvol_60,lowvol_60_winsorized,lowvol_60_z,next_month_return,sample_scope
2020-01-31,SYN0001,IND1,2000000000,False,0.540043811845451,0.540043811845451,-1.543681217086115,0.027230993714668278,0.027230993714668278,0.04131543518045626,-0.11362076792377684,-0.11362076792377684,1.692587489477676,-0.007227089030363286,fully_synthetic_software_demo
2020-01-31,SYN0002,IND2,2125000000,True,0.5779148389093027,0.5779148389093027,-1.2647352914020675,0.22226092147077206,0.22226092147077206,0.3141272527854157,-0.1311208949492033,-0.1311208949492033,0.6630070388195444,0.0006124889210782697,fully_synthetic_software_demo
2020-01-31,SYN0003,IND3,2250000000,True,0.6466784835380406,0.6466784835380406,-0.7582441821952367,0.4281540493293381,0.4281540493293381,0.6021347349689177,-0.13255712869565778,-0.13255712869565778,0.5785094699860978,0.0035513404165454466,fully_synthetic_software_demo
2020-01-31,SYN0004,IND4,2375000000,True,0.6757893316239952,0.6757893316239952,-0.5438229452667229,0.6847936815608137,0.6847936815608137,0.9611274564659699,-0.1430165276198006,-0.1430165276198006,-0.03684564385312508,0.0030681581710121095,fully_synthetic_software_demo
2020-01-31,SYN0005,IND5,2500000000,True,0.7149990069662827,0.7149990069662827,-0.25501696264352675,0.6813239536939573,0.6813239536939573,0.9562739307694654,-0.1598741973993955,-0.1598741973993955,-1.0286285734000808,0.010335977184295882,fully_synthetic_software_demo
2020-01-31,SYN0006,IND1,2625000000,True,0.7610083570078918,0.7610083570078918,0.083873258523153,1.0018271426875782,1.0018271426875782,1.40460029043915,-0.15667557321786296,-0.15667557321786296,-0.8404447435613926,0.014050701698271469,fully_synthetic_software_demo
2020-01-31,SYN0007,IND2,2750000000,True,0.8384857913110767,0.8384857913110767,0.6545473676485369,1.0829096402332188,1.0829096402332188,1.5180201321315416,-0.16395781922939534,-0.16395781922939534,-1.268879241177514,-0.0017896326843350342,fully_synthetic_software_demo
2020-01-31,SYN0008,IND3,2875000000,True,0.8474984876999498,0.8474984876999498,0.7209320192415534,1.0245902369365758,1.0245902369365758,1.4364417682463306,-0.11327753977257836,-0.11327753977257836,1.7127805425952938,0.01945660641505352,fully_synthetic_software_demo
2020-01-31,SYN0009,IND4,3000000000,True,0.8927610151230209,0.8927610151230209,1.0543213828186395,0.9577907781406637,0.9577907781406637,1.3430013307770097,-0.12527300524637205,-0.12527300524637205,1.0070544224123679,0.011057010216272412,fully_synthetic_software_demo
2020-01-31,SYN0010,IND5,3125000000,True,0.938806166049431,0.938806166049431,1.3934753019023125,0.840261475976506,0.840261475976506,1.1785989597453008,-0.14035450515897135,-0.14035450515897135,0.11976843562758431,0.014470825434622515,fully_synthetic_software_demo
2020-01-31,SYN0011,IND1,3250000000,True,0.5446211149413529,0.5446211149413529,-1.5099662600803265,0.6808567995877466,0.6808567995877466,0.9556204661331233,-0.1377412362897388,-0.1377412362897388,0.27351420765347334,0.001949077877758206,fully_synthetic_software_demo
2020-01-31,SYN0012,IND2,3375000000,True,0.5788035508076352,0.5788035508076352,-1.2581893225607994,0.5936262694351301,0.5936262694351301,0.8336006317652426,-0.14849858575709632,-0.14849858575709632,-0.35937015349413215,-0.0028622038519201783,fully_synthetic_software_demo
2020-01-31,SYN0013,IND3,3500000000,True,0.6119310545792029,0.6119310545792029,-1.014182678917851,0.4779159347234967,0.4779159347234967,0.671742669289681,-0.1664881835371197,-0.1664881835371197,-1.4177475105615533,0.012456509201424016,fully_synthetic_software_demo
2020-01-31,SYN0014,IND4,3625000000,True,0.6992547065469032,0.6992547065469032,-0.37098446590999,0.18547243134508282,0.18547243134508282,0.2626667668302427,-0.1684026719505051,-0.1684026719505051,-1.5303821126172537,0.005418533221642656,fully_synthetic_software_demo
2020-01-31,SYN0015,IND5,3750000000,True,0.7502144257524,0.7502144257524,0.004368598119921341,0.021792210291808306,0.021792210291808306,0.03370755464529201,-0.12437722626971995,-0.12437722626971995,1.0597555554459483,0.003338050441603009,fully_synthetic_software_demo
2020-01-31,SYN0016,IND1,3875000000,True,0.8001279618740493,0.8001279618740493,0.3720158107012621,-0.12379843788858791,-0.12379843788858791,-0.16994759619929425,-0.12992926649962777,-0.12992926649962777,0.7331138074360489,0.009909962863410973,fully_synthetic_software_demo
2020-01-31,SYN0017,IND2,4000000000,True,0.7920492137806728,0.7920492137806728,0.3125103248459244,-0.5178380984727148,-0.5178380984727148,-0.7211382634430943,-0.1289891325157365,-0.1289891325157365,0.7884244671476875,0.010768632347246752,fully_synthetic_software_demo
2020-01-31,SYN0018,IND3,4125000000,False,0.8390235432843302,0.8390235432843302,0.6585082774415218,-0.6526812257858908,-0.6526812257858908,-0.9097595641690451,-0.13660398729562773,-0.13660398729562773,0.3404216838201419,0.0008697549308513859,fully_synthetic_software_demo
2020-01-31,SYN0019,IND4,4250000000,True,0.9311534414179226,0.9311534414179226,1.3371077692039763,-0.6653766141694819,-0.6653766141694819,-0.9275181308668681,-0.14811699552593166,-0.14811699552593166,-0.3369201540399325,-0.003107823321433608,fully_synthetic_software_demo
2020-01-31,SYN0020,IND5,4375000000,True,0.9691918204216385,0.9691918204216385,1.617286355985431,-0.9963050994595575,-0.9963050994595575,-1.390427606391791,-0.16675629633533298,-0.16675629633533298,-1.4335213215293583,0.012352577598473052,fully_synthetic_software_demo
2020-01-31,SYN0021,IND1,4500000000,True,0.5342369550562431,0.5342369550562431,-1.5864526750571188,-0.9651223185452914,-0.9651223185452914,-1.346808500149611,-0.16163171889923558,-0.16163171889923558,-1.1320283815967647,0.0037079034508309787,fully_synthetic_software_demo
2020-01-31,SYN0022,IND2,4625000000,True,0.57629942194405,0.57629942194405,-1.2766339383539544,-0.9423310688198361,-0.9423310688198361,-1.3149276378910473,-0.12106637696706199,-0.12106637696706199,1.2545418968330146,-0.006593275915990627,fully_synthetic_software_demo
2020-01-31,SYN0023,IND3,4750000000,True,0.6525039255486511,0.6525039255486511,-0.7153358314016678,-1.069071056015085,-1.069071056015085,-1.4922141019110955,-0.13225038379116671,-0.13225038379116671,0.596556113678691,-0.009514404604547715,fully_synthetic_software_demo
2020-01-31,SYN0024,IND4,4875000000,True,0.6780805722302521,0.6780805722302521,-0.5269463965848085,-0.9688179032551835,-0.9688179032551835,-1.351977958977897,-0.13969282011963888,-0.13969282011963888,0.15869718054468437,-0.0024121632659406343,fully_synthetic_software_demo
2020-01-31,SYN0025,IND5,5000000000,True,0.758415102160398,0.758415102160398,0.06477216911384873,-0.8834547901163937,-0.8834547901163937,-1.2325703053949346,-0.14443859070564516,-0.14443859070564516,-0.12050951387308868,0.004358665538031781,fully_synthetic_software_demo
2020-01-31,SYN0026,IND1,5125000000,True,0.7724833590480403,0.7724833590480403,0.16839446944565412,-0.7068815871340123,-0.7068815871340123,-0.9855761286540505,-0.15788437009295686,-0.15788437009295686,-0.9115615777195144,0.006463057276669949,fully_synthetic_software_demo
2020-01-31,SYN0027,IND2,5250000000,True,0.8272031537533302,0.8272031537533302,0.5714430522467696,-0.5287967940257149,-0.5287967940257149,-0.7364675089942289,-0.15458844547702175,-0.15458844547702175,-0.7176532965693658,-0.006981908474275605,fully_synthetic_software_demo
2020-01-31,SYN0028,IND3,5375000000,True,0.8759070439575497,0.8759070439575497,0.9301803982005571,-0.2022187518453604,-0.2022187518453604,-0.2796435215059636,-0.1694388677212632,-0.1694388677212632,-1.5913443506099914,0.0017395946195374124,fully_synthetic_software_demo
2020-01-31,SYN0029,IND4,5500000000,True,0.8867513167615774,0.8867513167615774,1.010055858419517,-0.03629932551271337,-0.03629932551271337,-0.047552063571426266,-0.12159452358503318,-0.12159452358503318,1.2234695833489873,0.0008030391974682945,fully_synthetic_software_demo
2020-01-31,SYN0030,IND5,5625000000,True,0.9764027481799212,0.9764027481799212,1.6703997536015973,0.2790389482528117,0.2790389482528117,0.39354950794720867,-0.13348985405826458,-0.13348985405826458,0.523634679775849,0.01436765922519161,fully_synthetic_software_demo
2020-02-28,SYN0001,IND1,2000000000,False,0.5215758408486066,0.5215758408486066,-1.6431544107880705,0.43186579953660653,0.43186579953660653,0.5808418669714513,-0.11481118087481856,-0.11481118087481856,1.7176008059488548,0.00982727957728991,fully_synthetic_software_demo
2020-02-28,SYN0002,IND2,2125000000,True,0.5949678267647157,0.5949678267647157,-1.1139294300657647,0.554873664074258,0.554873664074258,0.7508739457529412,-0.1305737794062556,-0.1305737794062556,0.7917628548170372,0.007262161953922807,fully_synthetic_software_demo
2020-02-28,SYN0003,IND3,2250000000,True,0.6213163546410233,0.6213163546410233,-0.9239318576695211,0.71561832709819,0.71561832709819,0.9730690818909504,-0.14086181975541326,-0.14086181975541326,0.18748062438220556,-0.004638333262198644,fully_synthetic_software_demo
2020-02-28,SYN0004,IND4,2375000000,True,0.6983199272645558,0.6983199272645558,-0.36866395302636823,0.7953445403268209,0.7953445403268209,1.0832735295463365,-0.14310653755229422,-0.14310653755229422,0.055634030574177984,0.01695649489615724,fully_synthetic_software_demo
2020-02-28,SYN0005,IND5,2500000000,True,0.7480959877753812,0.7480959877753812,-0.009731920659986437,1.071339083759907,1.071339083759907,1.464776989741044,-0.15883075768750335,-0.15883075768750335,-0.8679497125563056,-0.0050199687155040645,fully_synthetic_software_demo
2020-02-28,SYN0006,IND1,2625000000,True,0.804793854435505,0.804793854435505,0.39911281920709163,0.9842184515649479,0.9842184515649479,1.3443513384825236,-0.16581175683449667,-0.16581175683449667,-1.2779883197196398,0.0007435847227378473,fully_synthetic_software_demo
2020-02-28,SYN0007,IND2,2750000000,True,0.8407424997709148,0.8407424997709148,0.6583362330055917,0.9288181175355037,0.9288181175355037,1.2677722189634462,-0.16312130481979797,-0.16312130481979797,-1.1199609122500402,0.002393627871095781,fully_synthetic_software_demo
2020-02-28,SYN0008,IND3,2875000000,True,0.8767960989081316,0.8767960989081316,0.9183164620482193,0.8798173227668069,0.8798173227668069,1.200039094518249,-0.12697934468423894,-0.12697934468423894,1.0028869326061065,0.02097598416686833,fully_synthetic_software_demo
2020-02-28,SYN0009,IND4,3000000000,True,0.930134123970799,0.930134123970799,1.3029335961018187,0.864031011210624,0.864031011210624,1.178217893245639,-0.1297068915022211,-0.1297068915022211,0.8426807107360073,0.019090240643957167,fully_synthetic_software_demo
2020-02-28,SYN0010,IND5,3125000000,True,0.9554673149183456,0.9554673149183456,1.485609637954327,0.6816771648194451,0.6816771648194451,0.9261526802429207,-0.14284488922145558,-0.14284488922145558,0.0710023059291311,-0.0025090724961505263,fully_synthetic_software_demo
2020-02-28,SYN0011,IND1,3250000000,True,0.5257970231987724,0.5257970231987724,-1.6127157311419666,0.4962446004548332,0.4962446004548332,0.6698317977431962,-0.1490050608437216,-0.1490050608437216,-0.2908238651811956,-0.006591048074420951,fully_synthetic_software_demo
2020-02-28,SYN0012,IND2,3375000000,True,0.6046178813597191,0.6046178813597191,-1.044343495126663,0.16457281653170375,0.16457281653170375,0.2113664540386644,-0.15954828449574582,-0.15954828449574582,-0.9100946386419664,0.010969327614601211,fully_synthetic_software_demo
2020-02-28,SYN0013,IND3,3500000000,True,0.6128465668645922,0.6128465668645922,-0.9850069630335788,-0.03626068336972084,-0.03626068336972084,-0.06624292976418164,-0.15917532869784753,-0.15917532869784753,-0.8881885657885459,0.009827092369691568,fully_synthetic_software_demo
2020-02-28,SYN0014,IND4,3625000000,True,0.6582754672033259,0.6582754672033259,-0.6574220284402664,-0.3088735787092647,-0.3088735787092647,-0.443071984324634,-0.1719100916749038,-0.1719100916749038,-1.636182422214716,-0.012371937649933603,fully_synthetic_software_demo
2020-02-28,SYN0015,IND5,3750000000,True,0.7088414290567205,0.7088414290567205,-0.2927940673212332,-0.33444870151155626,-0.33444870151155626,-0.47842412470614976,-0.11993857351862515,-0.11993857351862515,1.416436331669914,-0.0006730643924503423,fully_synthetic_software_demo
2020-02-28,SYN0016,IND1,3875000000,True,0.7820414530727536,0.7820414530727536,0.23504668824897973,-0.7012011168696152,-0.7012011168696152,-0.9853809425962411,-0.12889032905170827,-0.12889032905170827,0.8906426317762582,0.0006743753782583973,fully_synthetic_software_demo
2020-02-28,SYN0017,IND2,4000000000,True,0.8190442050891024,0.8190442050891024,0.5018711988284942,-0.7663553995463327,-0.7663553995463327,-1.0754428111335015,-0.14197856620697422,-0.14197856620697422,0.12188698228158025,0.0031431881417518506,fully_synthetic_software_demo
2020-02-28,SYN0018,IND3,4125000000,False,0.8512982338291631,0.8512982338291631,0.7344529654220139,-0.8707275440524688,-0.8707275440524688,-1.2197149905097098,-0.14947680007612846,-0.14947680007612846,-0.3185321192186887,0.013100277582282556,fully_synthetic_software_demo
2020-02-28,SYN0019,IND4,4250000000,True,0.8921081301019752,0.8921081301019752,1.028730553072326,-0.8748806462255185,-0.8748806462255185,-1.2254557665042352,-0.15826799281149329,-0.15826799281149329,-0.8348949418765244,0.0004690452670167498,fully_synthetic_software_demo
2020-02-28,SYN0020,IND5,4375000000,True,0.9604235955813124,0.9604235955813124,1.5213490651625126,-1.0430573755302661,-1.0430573755302661,-1.457924145610234,-0.15388144717605676,-0.15388144717605676,-0.5772451377811513,-0.0045349093841464926,fully_synthetic_software_demo
2020-02-28,SYN0021,IND1,4500000000,True,0.5432353282918777,0.5432353282918777,-1.4869692131600534,-1.0920023212369787,-1.0920023212369787,-1.5255800706654339,-0.16327496562988342,-0.16327496562988342,-1.1289863917288856,-0.01548708682536698,fully_synthetic_software_demo
2020-02-28,SYN0022,IND2,4625000000,True,0.5883573513298695,0.5883573513298695,-1.1615971514239336,-1.0354797563182432,-1.0354797563182432,-1.447449706827985,-0.12469505685853557,-0.12469505685853557,1.1370577265983928,0.011833743620251197,fully_synthetic_software_demo
2020-02-28,SYN0023,IND3,4750000000,True,0.6168494033920882,0.6168494033920882,-0.956142761341039,-0.8646817775445296,-0.8646817775445296,-1.2113580106447537,-0.12092561720366653,-0.12092561720366653,1.3584609603367082,0.010556929673636365,fully_synthetic_software_demo
2020-02-28,SYN0024,IND4,4875000000,True,0.6784893029768084,0.6784893029768084,-0.511661333808387,-0.6343732344090245,-0.6343732344090245,-0.893005680103482,-0.1367444367717999,-0.1367444367717999,0.42932078912223,0.007690267067782231,fully_synthetic_software_demo
2020-02-28,SYN0025,IND5,5000000000,True,0.7213527222428079,0.7213527222428079,-0.20257592139469188,-0.5123232263405534,-0.5123232263405534,-0.7242976331409429,-0.14970482883694786,-0.14970482883694786,-0.33192570278900574,0.006096330696937345,fully_synthetic_software_demo
2020-02-28,SYN0026,IND1,5125000000,True,0.7905800638603796,0.7905800638603796,0.29661807200526485,-0.33924662325312416,-0.33924662325312416,-0.4850562259186701,-0.14836547691849863,-0.14836547691849863,-0.2532570217623092,0.010391244957242127,fully_synthetic_software_demo
2020-02-28,SYN0027,IND2,5250000000,True,0.7986601665560081,0.7986601665560081,0.3548831828337983,0.04769248080314114,0.04769248080314114,0.04980437402610631,-0.16151313827285843,-0.16151313827285843,-1.0255030334981479,0.0075340354244523774,fully_synthetic_software_demo
2020-02-28,SYN0028,IND3,5375000000,True,0.8779811904142537,0.8779811904142537,0.9268620821408345,0.07897592951944887,0.07897592951944887,0.09304705478217934,-0.1662028133304475,-0.1662028133304475,-1.3009575620222857,0.0068876677180669844,fully_synthetic_software_demo
2020-02-28,SYN0029,IND4,5500000000,True,0.9020186478953877,0.9020186478953877,1.100194671704597,0.4044613487888153,0.4044613487888153,0.5429610717391624,-0.1128432229444101,-0.1128432229444101,1.83319152752748,0.014248472136183965,fully_synthetic_software_demo
2020-02-28,SYN0030,IND5,5625000000,True,0.9583398088739953,0.9583398088739953,1.506323010665638,0.6642227123708282,0.6642227123708282,0.9020256307653438,-0.12862128793288508,-0.12862128793288508,0.9064451327233387,0.00169342527168765,fully_synthetic_software_demo
2020-03-31,SYN0001,IND1,2000000000,False,0.5447426531633424,0.5447426531633424,-1.5174429972237014,0.8021933059489513,0.8021933059489513,1.0191026120979636,-0.11530334394714375,-0.11530334394714375,1.6867943734174762,0.00939095967456168,fully_synthetic_software_demo
2020-03-31,SYN0002,IND2,2125000000,True,0.5878033795495592,0.5878033795495592,-1.2024793690533866,0.9188313353814257,0.9188313353814257,1.177292372547397,-0.1296292082719399,-0.1296292082719399,0.8217083088976203,-0.002243503005898961,fully_synthetic_software_demo
2020-03-31,SYN0003,IND3,2250000000,True,0.6441906151788817,0.6441906151788817,-0.7900402439672253,1.0262252475217597,1.0262252475217597,1.3229448438542977,-0.13762028405600338,-0.13762028405600338,0.3391567403091923,0.006885157400004454,fully_synthetic_software_demo
2020-03-31,SYN0004,IND4,2375000000,True,0.6620886212634901,0.6620886212634901,-0.6591269638970811,0.9449547145277369,0.9449547145277369,1.2127220785308739,-0.13801760235674296,-0.13801760235674296,0.315164154776074,0.014679771098884893,fully_synthetic_software_demo
2020-03-31,SYN0005,IND5,2500000000,True,0.7158295794815829,0.7158295794815829,-0.2660437857383001,0.879869697660763,0.879869697660763,1.1244508407782288,-0.14501158790703406,-0.14501158790703406,-0.10717681522303679,0.016543598019790298,fully_synthetic_software_demo
2020-03-31,SYN0006,IND1,2625000000,True,0.7965410575748861,0.7965410575748861,0.32431272026324887,0.9927017038130138,0.9927017038130138,1.2774787006546413,-0.15351835137778955,-0.15351835137778955,-0.6208688596171436,0.010186934846397823,fully_synthetic_software_demo
2020-03-31,SYN0007,IND2,2750000000,True,0.8187258998557936,0.8187258998557936,0.48658166000452996,0.7893782075729594,0.7893782075729594,1.0017221972187178,-0.1609368772249197,-0.1609368772249197,-1.0688462510073815,-0.003328809740585836,fully_synthetic_software_demo
2020-03-31,SYN0008,IND3,2875000000,True,0.840282756525482,0.840282756525482,0.64425725812927,0.6660105636475693,0.6660105636475693,0.8344054298253984,-0.11951546924056658,-0.11951546924056658,1.4324396754573205,0.011953269681386516,fully_synthetic_software_demo
2020-03-31,SYN0009,IND4,3000000000,True,0.9196497354079812,0.9196497354079812,1.224779551263418,0.403441685930111,0.403441685930111,0.4782976657479226,-0.1280401707757975,-0.1280401707757975,0.9176644175655622,0.0021455438385569762,fully_synthetic_software_demo
2020-03-31,SYN0010,IND5,3125000000,True,0.964281802900202,0.964281802900202,1.5512366059821199,0.34223062280775784,0.34223062280775784,0.39528045893043284,-0.13837967805549836,-0.13837967805549836,0.293299739883324,0.006118229787341884,fully_synthetic_software_demo
2020-03-31,SYN0011,IND1,3250000000,True,0.5308432213427692,0.5308432213427692,-1.6191090823809395,0.11558979206033143,0.11558979206033143,0.08789993391262975,-0.13826169394978002,-0.13826169394978002,0.3004243645047584,-0.006708403712934493,fully_synthetic_software_demo
2020-03-31,SYN0012,IND2,3375000000,True,0.5727505305480941,0.5727505305480941,-1.3125820155642198,-0.2964703102416578,-0.2964703102416578,-0.470954576842438,-0.1498915210464773,-0.1498915210464773,-0.40185796387903905,-0.0039091378239471735,fully_synthetic_software_demo
2020-03-31,SYN0013,IND3,3500000000,True,0.6103696577641288,0.6103696577641288,-1.0374204520947399,-0.3602372002337706,-0.3602372002337706,-0.5574381114283643,-0.15264778409530608,-0.15264778409530608,-0.5682985150132353,-0.0016974559993747692,fully_synthetic_software_demo
2020-03-31,SYN0014,IND4,3625000000,True,0.7060582723039884,0.7060582723039884,-0.33751509193546836,-0.6970891030940344,-0.6970891030940344,-1.0142918672717811,-0.17528810222670593,-0.17528810222670593,-1.9354637531950456,0.003190967327833993,fully_synthetic_software_demo
2020-03-31,SYN0015,IND5,3750000000,True,0.7443043738080356,0.7443043738080356,-0.057767584077806286,-0.6398897208982446,-0.6398897208982446,-0.9367154832104749,-0.12480762890965418,-0.12480762890965418,1.1128656883564176,9.608655758290563e-05,fully_synthetic_software_demo
2020-03-31,SYN0016,IND1,3875000000,True,0.7957649467927818,0.7957649467927818,0.31863593103305277,-0.7858513395802145,-0.7858513395802145,-1.1346752190398572,-0.12264505723821977,-0.12264505723821977,1.243455408743843,0.0070777878758438734,fully_synthetic_software_demo
2020-03-31,SYN0017,IND2,4000000000,True,0.8208101088408017,0.8208101088408017,0.5018264103576838,-1.0258612397330167,-1.0258612397330167,-1.460187479452698,-0.13106018080095283,-0.13106018080095283,0.7352971601184749,-0.004633619045505705,fully_synthetic_software_demo
2020-03-31,SYN0018,IND3,4125000000,False,0.8675755504958277,0.8675755504958277,0.843887829492704,-1.082877598054046,-1.082877598054046,-1.5375156382735249,-0.14991997042327024,-0.14991997042327024,-0.4035759167264112,-0.005850834288079193,fully_synthetic_software_demo
2020-03-31,SYN0019,IND4,4250000000,True,0.8813748590040242,0.8813748590040242,0.9448215721100666,-0.9373226329408326,-0.9373226329408326,-1.3401074243700575,-0.15285906232721766,-0.15285906232721766,-0.581056827532414,0.010689595866524595,fully_synthetic_software_demo
2020-03-31,SYN0020,IND5,4375000000,True,0.9510676359449415,0.9510676359449415,1.4545828261515654,-0.9327150509746787,-0.9327150509746787,-1.3338584137255576,-0.15736575015516613,-0.15736575015516613,-0.8531990696135007,-0.002478376478786597,fully_synthetic_software_demo
2020-03-31,SYN0021,IND1,4500000000,True,0.5325383487463783,0.5325383487463783,-1.6067102326155407,-0.8194695381024718,-0.8194695381024718,-1.1802697373702289,-0.16938613775327374,-0.16938613775327374,-1.5790659049744562,0.0012093321619378143,fully_synthetic_software_demo
2020-03-31,SYN0022,IND2,4625000000,True,0.600688105393847,0.600688105393847,-1.108235255205932,-0.7409880827092978,-0.7409880827092978,-1.0738296449854676,-0.12790175773422263,-0.12790175773422263,0.926022670212627,-0.0012128479501444644,fully_synthetic_software_demo
2020-03-31,SYN0023,IND3,4750000000,True,0.6487548639349392,0.6487548639349392,-0.7566554762513727,-0.4569546023515762,-0.4569546023515762,-0.6886106179148931,-0.1352298528219188,-0.1352298528219188,0.483506058571286,-0.0038161576165222826,fully_synthetic_software_demo
2020-03-31,SYN0024,IND4,4875000000,True,0.691690902316982,0.691690902316982,-0.4426038667458551,-0.3723995256966762,-0.3723995256966762,-0.573933206217315,-0.14304070537352684,-0.14304070537352684,0.011837505720348408,0.009108898454648497,fully_synthetic_software_demo
2020-03-31,SYN0025,IND5,5000000000,True,0.7563079877063641,0.7563079877063641,0.030031719414280428,-0.15930663319000174,-0.15930663319000174,-0.284927006583061,-0.15116250883163318,-0.15116250883163318,-0.4786082245394169,0.00037629229975520706,fully_synthetic_software_demo
2020-03-31,SYN0026,IND1,5125000000,True,0.7904516937853238,0.7904516937853238,0.2797726422532456,0.23968462141362482,0.23968462141362482,0.25620294300775126,-0.1598629582589991,-0.1598629582589991,-1.0039962488868495,0.01457817036749274,fully_synthetic_software_demo
2020-03-31,SYN0027,IND2,5250000000,True,0.8176255680504442,0.8176255680504442,0.4785333866313485,0.47496573398022024,0.47496573398022024,0.5753018082430665,-0.16671104109805054,-0.16671104109805054,-1.4175266927349746,-0.0051116982667200085,fully_synthetic_software_demo
2020-03-31,SYN0028,IND3,5375000000,True,0.8377781798255741,0.8377781798255741,0.6259377677110517,0.5729864207697989,0.5729864207697989,0.7082418882305224,-0.17020106499359178,-0.17020106499359178,-1.6282763528199329,-0.00026227472531161486,fully_synthetic_software_demo
2020-03-31,SYN0029,IND4,5500000000,True,0.9349157135896093,0.9349157135896093,1.3364411110924113,0.8185492714240861,0.8185492714240861,1.0412853107685431,-0.11969753510578993,-0.11969753510578993,1.421445389928813,0.01547871033524863,fully_synthetic_software_demo
2020-03-31,SYN0030,IND5,5625000000,True,0.9802580587407997,0.9802580587407997,1.668093424861573,0.8431761110760194,0.8431761110760194,1.0746853423373317,-0.13318916373986467,-0.13318916373986467,0.6067357392996745,0.010510325736041345,fully_synthetic_software_demo
2020-04-30,SYN0001,IND1,2000000000,False,0.5451428098137387,0.5451428098137387,-1.6415646682647036,0.8888370842841167,0.8888370842841167,1.1660190977010578,-0.12053598884318092,-0.12053598884318092,1.2590888062742778,0.0008434310902922532,fully_synthetic_software_demo
2020-04-30,SYN0002,IND2,2125000000,True,0.6095019437692469,0.6095019437692469,-1.1502282282870913,0.9064229146720026,0.9064229146720026,1.190530213983335,-0.13294307244488385,-0.13294307244488385,0.5288289172671509,0.016851417798527973,fully_synthetic_software_demo
2020-04-30,SYN0003,IND3,2250000000,True,0.6654137158458636,0.6654137158458636,-0.7233814179500269,0.9840103766180346,0.9840103766180346,1.2986715561809696,-0.1415646773667299,-0.1415646773667299,0.02137588032409022,0.0015663182311634995,fully_synthetic_software_demo
2020-04-30,SYN0004,IND4,2375000000,True,0.6985744009863669,0.6985744009863669,-0.470223055138357,0.9724996943939397,0.9724996943939397,1.2826279765341715,-0.14263575653830438,-0.14263575653830438,-0.0416660223551558,0.009987091601193434,fully_synthetic_software_demo
2020-04-30,SYN0005,IND5,2500000000,True,0.7450501139363876,0.7450501139363876,-0.11541387821452351,0.8935111705107197,0.8935111705107197,1.1725338353328147,-0.15756617960628228,-0.15756617960628228,-0.9204453908567507,0.012876369084087926,fully_synthetic_software_demo
2020-04-30,SYN0006,IND1,2625000000,True,0.7781874189469974,0.7781874189469974,0.13756599385182253,0.6576546420019123,0.6576546420019123,0.8437971951684744,-0.15454782332626796,-0.15454782332626796,-0.742790061628157,0.007896002806608175,fully_synthetic_software_demo
2020-04-30,SYN0007,IND2,2750000000,True,0.8450625733732817,0.8450625733732817,0.6481104695043175,0.5671806484498192,0.5671806484498192,0.7176946155595549,-0.161474414124442,-0.161474414124442,-1.1504774432766613,-0.0031998431033821778,fully_synthetic_software_demo
2020-04-30,SYN0008,IND3,2875000000,True,0.844988000437104,0.844988000437104,0.6475411579128101,0.18503658809310344,0.18503658809310344,0.18506253089909358,-0.11391968577603097,-0.11391968577603097,1.6485131785571632,-0.0022976709773380646,fully_synthetic_software_demo
2020-04-30,SYN0009,IND4,3000000000,True,0.9360853684807845,0.9360853684807845,1.3430050921673442,-0.04553503365208375,-0.04553503365208375,-0.13630801045916927,-0.12015915291527995,-0.12015915291527995,1.281268729592042,0.020736017626624012,fully_synthetic_software_demo
2020-04-30,SYN0010,IND5,3125000000,True,0.9256423297878366,0.9256423297878366,1.2632798824171847,-0.19187724213473267,-0.19187724213473267,-0.34027966320491454,-0.14060809262413526,-0.14060809262413526,0.077678835182651,0.0032709177921189077,fully_synthetic_software_demo
2020-04-30,SYN0011,IND1,3250000000,True,0.5770124840981614,0.5770124840981614,-1.3982622596745062,-0.35553175685984356,-0.35553175685984356,-0.5683811944985439,-0.1450952257249229,-0.1450952257249229,-0.18642620556130204,-0.0037338113606773145,fully_synthetic_software_demo
2020-04-30,SYN0012,IND2,3375000000,True,0.6143614266771037,0.6143614266771037,-1.1131295154030896,-0.5194107402603998,-0.5194107402603998,-0.7967955900518763,-0.14692328254398573,-0.14692328254398573,-0.2940225281656184,0.001348308411152117,fully_synthetic_software_demo
2020-04-30,SYN0013,IND3,3500000000,True,0.6448263092656866,0.6448263092656866,-0.8805516972217868,-0.781101986978141,-0.781101986978141,-1.1615406397238648,-0.1631855859986121,-0.1631855859986121,-1.2511941163497813,-0.008198080151474472,fully_synthetic_software_demo
2020-04-30,SYN0014,IND4,3625000000,True,0.6877192030253851,0.6877192030253851,-0.5530948092096305,-0.821625736091133,-0.821625736091133,-1.2180226087178676,-0.16012492290377436,-0.16012492290377436,-1.0710486797850076,-0.006801771564229444,fully_synthetic_software_demo
2020-04-30,SYN0015,IND5,3750000000,True,0.7511015294320703,0.7511015294320703,-0.06921560356823127,-0.875002465626574,-0.875002465626574,-1.292419051510361,-0.1157342221900235,-0.1157342221900235,1.541712644054462,-0.004614885137816599,fully_synthetic_software_demo
2020-04-30,SYN0016,IND1,3875000000,True,0.7553105313518592,0.7553105313518592,-0.03708285267450949,-0.942887140164985,-0.942887140164985,-1.3870366564055914,-0.13376600465331853,-0.13376600465331853,0.4803925237935533,0.0011439717011347862,fully_synthetic_software_demo
2020-04-30,SYN0017,IND2,4000000000,True,0.8498972088040883,0.8498972088040883,0.6850194894859143,-1.0275563937909349,-1.0275563937909349,-1.505048594163667,-0.1329190672764821,-0.1329190672764821,0.5302418207483734,-0.006236245139970825,fully_synthetic_software_demo
2020-04-30,SYN0018,IND3,4125000000,False,0.8845099595757866,0.8845099595757866,0.9492633457465548,-1.024300420378241,-1.024300420378241,-1.500510421033923,-0.13997047645847302,-0.13997047645847302,0.11520784081470374,0.008084548166183252,fully_synthetic_software_demo
2020-04-30,SYN0019,IND4,4250000000,True,0.8810219378945294,0.8810219378945294,0.9226347687271939,-0.727110672756557,-0.727110672756557,-1.08628758928902,-0.15256982413511197,-0.15256982413511197,-0.6263683854180038,0.013440992467380163,fully_synthetic_software_demo
2020-04-30,SYN0020,IND5,4375000000,True,0.9671144196017669,0.9671144196017669,1.5798899378243147,-0.5494305592549015,-0.5494305592549015,-0.8386371896759698,-0.16200636970244986,-0.16200636970244986,-1.1817874459995756,0.012301052108380249,fully_synthetic_software_demo
2020-04-30,SYN0021,IND1,4500000000,True,0.5410207343444173,0.5410207343444173,-1.673033797228054,-0.6007087364994772,-0.6007087364994772,-0.9101086719695112,-0.16100458566170983,-0.16100458566170983,-1.1228241371443413,0.001971757122650287,fully_synthetic_software_demo
2020-04-30,SYN0022,IND2,4625000000,True,0.6171990209237861,0.6171990209237861,-1.091466491530989,-0.2504289657445018,-0.2504289657445018,-0.42188900858535333,-0.11562255275680511,-0.11562255275680511,1.5482853174179552,-0.005296798156360913,fully_synthetic_software_demo
2020-04-30,SYN0023,IND3,4750000000,True,0.6283094859547761,0.6283094859547761,-1.0066459540359352,0.018882875111140666,0.018882875111140666,-0.04652238091936778,-0.12130116089778431,-0.12130116089778431,1.2140520774503236,0.0013437031087088058,fully_synthetic_software_demo
2020-04-30,SYN0024,IND4,4875000000,True,0.7021887026676947,0.7021887026676947,-0.442630419688409,0.10062964952426035,0.10062964952426035,0.06741620765710965,-0.14273225708807477,-0.14273225708807477,-0.04734588097678894,-0.007096246500554825,fully_synthetic_software_demo
2020-04-30,SYN0025,IND5,5000000000,True,0.720912700441807,0.720912700441807,-0.2996859478929849,0.2866154218955737,0.2866154218955737,0.3266430279375253,-0.14120310711588144,-0.14120310711588144,0.04265729179266724,0.0015749598573275413,fully_synthetic_software_demo
2020-04-30,SYN0026,IND1,5125000000,True,0.787464160570948,0.787464160570948,0.20838735088336705,0.5099633643448167,0.5099633643448167,0.6379452108899927,-0.1566797275272498,-0.1566797275272498,-0.8682703255774655,-0.0016280790593455668,fully_synthetic_software_demo
2020-04-30,SYN0027,IND2,5250000000,True,0.7992942096205216,0.7992942096205216,0.2987014031015996,0.6322429710424864,0.6322429710424864,0.8083784285777016,-0.1632095889738145,-0.1632095889738145,-1.2526068907430101,-0.00548964914095572,fully_synthetic_software_demo
2020-04-30,SYN0028,IND3,5375000000,True,0.8858595945960828,0.8858595945960828,0.9595668539727509,0.7736515413718413,0.7736515413718413,1.0054735804245545,-0.1690614680879551,-0.1690614680879551,-1.5970385661924213,-0.0020168392997604563,fully_synthetic_software_demo
2020-04-30,SYN0029,IND4,5500000000,True,0.936138945142807,0.936138945142807,1.3434141120650054,0.9756273963722335,0.9756273963722335,1.2869873650415848,-0.11699312042513918,-0.11699312042513918,1.4676160299782364,0.005126689702238352,fully_synthetic_software_demo
2020-04-30,SYN0030,IND5,5625000000,True,0.9801268635532294,0.9801268635532294,1.6792307383226504,0.9275710215085335,0.9275710215085335,1.2200064283210612,-0.1317781854920505,-0.1317781854920505,0.5973921867824115,0.010252700453447602,fully_synthetic_software_demo
2020-05-29,SYN0001,IND1,2000000000,False,0.5540086693621425,0.5540086693621425,-1.5408717791125413,0.8941833902091187,0.8941833902091187,1.1865812575582542,-0.1278019106709697,-0.1278019106709697,0.9130615785704492,-0.005667478566530574,fully_synthetic_software_demo
2020-05-29,SYN0002,IND2,2125000000,True,0.591707969925139,0.591707969925139,-1.24477336002072,0.8062704105443143,0.8062704105443143,1.0668843035081936,-0.12739874219813974,-0.12739874219813974,0.9366252323381206,-0.0010908204858973815,fully_synthetic_software_demo
2020-05-29,SYN0003,IND3,2250000000,True,0.6365488137021933,0.6365488137021933,-0.8925837237450436,0.8979367944459477,0.8979367944459477,1.1916916639644526,-0.13398625474182416,-0.13398625474182416,0.5516103434506094,-0.0009083325061045597,fully_synthetic_software_demo
2020-05-29,SYN0004,IND4,2375000000,True,0.700621715942477,0.700621715942477,-0.3893413617741536,0.632159182742347,0.632159182742347,0.8298250693282934,-0.14114977653372865,-0.14114977653372865,0.13292991916852104,0.00787907311929689,fully_synthetic_software_demo
2020-05-29,SYN0005,IND5,2500000000,True,0.7289298761106962,0.7289298761106962,-0.1670029802118425,0.44879005415690826,0.44879005415690826,0.5801608417912765,-0.15151207622686425,-0.15151207622686425,-0.4727068274053643,-0.004900040430093211,fully_synthetic_software_demo
2020-05-29,SYN0006,IND1,2625000000,True,0.769698908281058,0.769698908281058,0.15320577149631576,0.3096465997530832,0.3096465997530832,0.39071159628004615,-0.16099377830953585,-0.16099377830953585,-1.0268760148817795,-0.003169848301624097,fully_synthetic_software_demo
2020-05-29,SYN0007,IND2,2750000000,True,0.8263233402170287,0.8263233402170287,0.5979462448691915,-0.03946934400858676,-0.03946934400858676,-0.08462339108944435,-0.17071231833526712,-0.17071231833526712,-1.5948874734319538,0.012579769201414653,fully_synthetic_software_demo
2020-05-29,SYN0008,IND3,2875000000,True,0.8419692231516807,0.8419692231516807,0.720832376257883,-0.23276684336961645,-0.23276684336961645,-0.34780548305386444,-0.11268647263238576,-0.11268647263238576,1.7965010647678425,0.01046673231500455,fully_synthetic_software_demo
2020-05-29,SYN0009,IND4,3000000000,True,0.9121993076216206,0.9121993076216206,1.2724345724176054,-0.3697754051175257,-0.3697754051175257,-0.5343479888650948,-0.12925571160968052,-0.12925571160968052,0.828092479358799,0.0018976431148129726,fully_synthetic_software_demo
2020-05-29,SYN0010,IND5,3125000000,True,0.9264291339528256,0.9264291339528256,1.3841986905231978,-0.6022251180776108,-0.6022251180776108,-0.8508373481976857,-0.13808410873884225,-0.13808410873884225,0.31210646533628694,-0.0012186728393397137,fully_synthetic_software_demo
2020-05-29,SYN0011,IND1,3250000000,True,0.5579806912253242,0.5579806912253242,-1.5096746646641992,-0.7775545907644541,-0.7775545907644541,-1.0895552703502005,-0.15003671844931632,-0.15003671844931632,-0.3864778134907682,0.0031939077446054747,fully_synthetic_software_demo
2020-05-29,SYN0012,IND2,3375000000,True,0.5706587739495305,0.5706587739495305,-1.4100982747659347,-0.9298581803479476,-0.9298581803479476,-1.2969225536972477,-0.14499094972294924,-0.14499094972294924,-0.09157194839350893,0.005766271370368651,fully_synthetic_software_demo
2020-05-29,SYN0013,IND3,3500000000,True,0.6677804183963413,0.6677804183963413,-0.6472839797833508,-1.0356966323171573,-1.0356966323171573,-1.4410257381233786,-0.16407828891941478,-0.16407828891941478,-1.207153851449005,0.003759609682383748,fully_synthetic_software_demo
2020-05-29,SYN0014,IND4,3625000000,True,0.6900456901883184,0.6900456901883184,-0.4724077438903912,-1.0584743275458763,-1.0584743275458763,-1.4720384594479612,-0.17482058583107524,-0.17482058583107524,-1.8349999806840553,0.004019688385187755,fully_synthetic_software_demo
2020-05-29,SYN0015,IND5,3750000000,True,0.7505402131801814,0.7505402131801814,0.0027292574360001554,-0.9628443294076869,-0.9628443294076869,-1.341834483464005,-0.11563418119180857,-0.11563418119180857,1.6242187843239138,0.015201461988804935,fully_synthetic_software_demo
2020-05-29,SYN0016,IND1,3875000000,True,0.8016439001214672,0.8016439001214672,0.4041086116177211,-0.995585857646806,-0.995585857646806,-1.3864133524331745,-0.13061653986998178,-0.13061653986998178,0.7485572772684157,0.0024639160036215146,fully_synthetic_software_demo
2020-05-29,SYN0017,IND2,4000000000,True,0.8076414750133275,0.8076414750133275,0.4512148554297807,-0.8567284962873654,-0.8567284962873654,-1.1973536337713162,-0.13780200130568135,-0.13780200130568135,0.3285945647990981,-0.0020746204576895955,fully_synthetic_software_demo
2020-05-29,SYN0018,IND3,4125000000,False,0.8365145745293863,0.8365145745293863,0.6779903921986865,-0.7070558362445668,-0.7070558362445668,-0.9935684637088174,-0.13836975785869313,-0.13836975785869313,0.29541136784525596,0.008048134994943858,fully_synthetic_software_demo
2020-05-29,SYN0019,IND4,4250000000,True,0.8803183587752249,0.8803183587752249,1.022034739752522,-0.5863852028052763,-0.5863852028052763,-0.8292706851436233,-0.15218404548479916,-0.15218404548479916,-0.5119808579994576,0.01299143032186517,fully_synthetic_software_demo
2020-05-29,SYN0020,IND5,4375000000,True,0.951030800251332,0.951030800251332,1.5774254716365423,-0.2081622670276945,-0.2081622670276945,-0.3143053917698548,-0.16003451219006345,-0.16003451219006345,-0.9708105826032024,0.009241164768339315,fully_synthetic_software_demo
2020-05-29,SYN0021,IND1,4500000000,True,0.529289416383158,0.529289416383158,-1.7350221113177065,-0.0839894637586592,-0.0839894637586592,-0.14523927225222355,-0.16280267958195488,-0.16280267958195488,-1.1325993691510015,-0.0022705476770295873,fully_synthetic_software_demo
2020-05-29,SYN0022,IND2,4625000000,True,0.6172068730556572,0.6172068730556572,-1.0444994877533709,0.10301174482671246,0.10301174482671246,0.10937017400580294,-0.12364796992616606,-0.12364796992616606,1.1558435123732447,0.00382342440975019,fully_synthetic_software_demo
2020-05-29,SYN0023,IND3,4750000000,True,0.6532267186622611,0.6532267186622611,-0.7615918692890781,0.3038557562618142,0.3038557562618142,0.3828271367846639,-0.12683927587521115,-0.12683927587521115,0.9693238970814861,-0.006361864332657404,fully_synthetic_software_demo
2020-05-29,SYN0024,IND4,4875000000,True,0.6639110294858144,0.6639110294858144,-0.6776749929360728,0.5139961657555816,0.5139961657555816,0.668941508463802,-0.13815227383870393,-0.13815227383870393,0.30812247620909916,0.015964881016516212,fully_synthetic_software_demo
2020-05-29,SYN0025,IND5,5000000000,True,0.7103645412914621,0.7103645412914621,-0.3128191149356062,0.8377632997936627,0.8377632997936627,1.1097631017443095,-0.15041766324398861,-0.15041766324398861,-0.40874257835009953,-0.004814472984150715,fully_synthetic_software_demo
2020-05-29,SYN0026,IND1,5125000000,True,0.8002757081487192,0.8002757081487192,0.39336253744406746,0.7516140638341896,0.7516140638341896,0.9924675536078931,-0.15918418324163552,-0.15918418324163552,-0.9211121109227669,0.00945622051330682,fully_synthetic_software_demo
2020-05-29,SYN0027,IND2,5250000000,True,0.8219235842138384,0.8219235842138384,0.5633896144415935,0.8734665168014524,0.8734665168014524,1.1583744256001842,-0.15703522219092508,-0.15703522219092508,-0.7955135644796034,0.0014133697060692285,fully_synthetic_software_demo
2020-05-29,SYN0028,IND3,5375000000,True,0.8364931307025993,0.8364931307025993,0.677821967768629,1.015475904638525,1.015475904638525,1.351725751370529,-0.16863299168080823,-0.16863299168080823,-1.4733587908649877,0.0070632714372769,fully_synthetic_software_demo
2020-05-29,SYN0029,IND4,5500000000,True,0.9341331224603668,0.9341331224603668,1.4447074740740409,0.9046899901396813,0.9046899901396813,1.2008864035549651,-0.12120779459980612,-0.12120779459980612,1.2984624183585152,0.0026355454849999755,fully_synthetic_software_demo
2020-05-29,SYN0030,IND5,5625000000,True,0.9363657316186988,0.9363657316186988,1.462242866836232,0.834214100106746,0.834214100106746,1.1049307278052263,-0.1326564834803268,-0.1326564834803268,0.6293303828579057,0.02090740641134422,fully_synthetic_software_demo
2020-06-30,SYN0001,IND1,2000000000,False,0.5329923306729815,0.5329923306729815,-1.653803081330068,0.8004620173157522,0.8004620173157522,1.0885836275266214,-0.1276096839019185,-0.1276096839019185,0.9182704506453625,-0.004989020897059576,fully_synthetic_software_demo
2020-06-30,SYN0002,IND2,2125000000,True,0.5845473460551974,0.5845473460551974,-1.262347509277179,0.732949837311331,0.732949837311331,0.990992898374214,-0.12516693025608827,-0.12516693025608827,1.0646624606046307,0.012122516432780726,fully_synthetic_software_demo
2020-06-30,SYN0003,IND3,2250000000,True,0.6526396645545058,0.6526396645545058,-0.7453247270524055,0.39621605097909035,0.39621605097909035,0.5042348683970705,-0.1364443715974184,-0.1364443715974184,0.38881563177144896,0.011491889429920344,fully_synthetic_software_demo
2020-06-30,SYN0004,IND4,2375000000,True,0.6964155976882171,0.6964155976882171,-0.4129354760753377,0.15429570714762098,0.15429570714762098,0.15453229991582587,-0.15068703046251203,-0.15068703046251203,-0.46473399325289183,-0.008760862736095153,fully_synthetic_software_demo
2020-06-30,SYN0005,IND5,2500000000,True,0.7266340667083209,0.7266340667083209,-0.18348761364859667,-0.01854270513214712,-0.01854270513214712,-0.09531042000260045,-0.1458170055918117,-0.1458170055918117,-0.17287782077704109,0.012843141396785003,fully_synthetic_software_demo
2020-06-30,SYN0006,IND1,2625000000,True,0.7489926013715131,0.7489926013715131,-0.013719979753884894,-0.08263776876739509,-0.08263776876739509,-0.18796161264404943,-0.15494024709290616,-0.15494024709290616,-0.7196254074478589,0.004878388937685265,fully_synthetic_software_demo
2020-06-30,SYN0007,IND2,2750000000,True,0.8194528120565105,0.8194528120565105,0.5212821316057257,-0.4105608663645908,-0.4105608663645908,-0.6619835476242363,-0.16296317216000744,-0.16296317216000744,-1.2004320284226755,-0.0033597927970151,fully_synthetic_software_demo
2020-06-30,SYN0008,IND3,2875000000,True,0.864156787205344,0.864156787205344,0.860717975726553,-0.49248421589543934,-0.49248421589543934,-0.7804060221288289,-0.12407508688245872,-0.12407508688245872,1.1300956434796943,0.013345934159112555,fully_synthetic_software_demo
2020-06-30,SYN0009,IND4,3000000000,True,0.8874442838031862,0.8874442838031862,1.0375391876843838,-0.7086258249639199,-0.7086258249639199,-1.0928447143438673,-0.1312724295339406,-0.1312724295339406,0.6987654277149793,-0.00043500605133944825,fully_synthetic_software_demo
2020-06-30,SYN0010,IND5,3125000000,True,0.9728977537098061,0.9728977537098061,1.6863846336259891,-0.825262799861442,-0.825262799861442,-1.2614466973584109,-0.13817658898569637,-0.13817658898569637,0.2850054151377454,0.01440169489432785,fully_synthetic_software_demo
2020-06-30,SYN0011,IND1,3250000000,True,0.5274695616176514,0.5274695616176514,-1.6957372889690787,-0.8826824145329731,-0.8826824145329731,-1.3444483433292274,-0.14669432624512072,-0.14669432624512072,-0.2254548516356039,-0.008274311544738976,fully_synthetic_software_demo
2020-06-30,SYN0012,IND2,3375000000,True,0.6141579856046766,0.6141579856046766,-1.037514876452639,-0.9202148087532849,-0.9202148087532849,-1.3987024604167804,-0.15185574396113977,-0.15185574396113977,-0.5347739329834874,0.006889960650119479,fully_synthetic_software_demo
2020-06-30,SYN0013,IND3,3500000000,True,0.6675404107464981,0.6675404107464981,-0.6321838409260613,-1.1007088463482715,-1.1007088463482715,-1.6596115991144682,-0.1630834440127635,-0.1630834440127635,-1.2076398114492366,0.0029512343673229096,fully_synthetic_software_demo
2020-06-30,SYN0014,IND4,3625000000,True,0.6758370865773267,0.6758370865773267,-0.5691874484428827,-0.8165834541918525,-0.8165834541918525,-1.248900462406354,-0.1665972231741002,-0.1665972231741002,-1.4182174089319493,-0.006684302074987289,fully_synthetic_software_demo
2020-06-30,SYN0015,IND5,3750000000,True,0.7354437723075073,0.7354437723075073,-0.11659580265057905,-0.7526057061249964,-0.7526057061249964,-1.1564188526736416,-0.11326604699304962,-0.11326604699304962,1.7778715982271454,-0.004190090739520622,fully_synthetic_software_demo
2020-06-30,SYN0016,IND1,3875000000,True,0.7495646343871166,0.7495646343871166,-0.009376551482240014,-0.5989701988995116,-0.5989701988995116,-0.934334464747594,-0.1356205593617216,-0.1356205593617216,0.4381859517046749,0.0015890249623562325,fully_synthetic_software_demo
2020-06-30,SYN0017,IND2,4000000000,True,0.8306159685458694,0.8306159685458694,0.6060436194466406,-0.5421328397851755,-0.5421328397851755,-0.8521744853379222,-0.1304276727993521,-0.1304276727993521,0.7493909324661994,-0.0005512796062913314,fully_synthetic_software_demo
2020-06-30,SYN0018,IND3,4125000000,False,0.872292327704753,0.872292327704753,0.9224908728257976,-0.2544429142334833,-0.2544429142334833,-0.43631071671790667,-0.1491539930865977,-0.1491539930865977,-0.37286045406654406,0.012307747457834214,fully_synthetic_software_demo
2020-06-30,SYN0019,IND4,4250000000,True,0.9328854069111677,0.9328854069111677,1.3825721725275373,-0.08810769754458536,-0.08810769754458536,-0.19586854644092544,-0.15368101266030032,-0.15368101266030032,-0.6441606302634069,-0.0004900850033612743,fully_synthetic_software_demo
2020-06-30,SYN0020,IND5,4375000000,True,0.932003299591883,0.932003299591883,1.3758743600504653,0.25425590512999524,0.25425590512999524,0.29902753924419706,-0.1583384873259597,-0.1583384873259597,-0.9232788617740231,0.016540492661886202,fully_synthetic_software_demo
2020-06-30,SYN0021,IND1,4500000000,True,0.5543144081030908,0.5543144081030908,-1.49190523383881,0.30254319204936275,0.30254319204936275,0.36882815209574443,-0.17517042140791056,-0.17517042140791056,-1.9320014015867555,-0.0007369034951801171,fully_synthetic_software_demo
2020-06-30,SYN0022,IND2,4625000000,True,0.5690359067662568,0.5690359067662568,-1.3801253684282107,0.5565962980494477,0.5565962980494477,0.7360689648847629,-0.12286493101677375,-0.12286493101677375,1.2026191866720366,0.003403850202363278,fully_synthetic_software_demo
2020-06-30,SYN0023,IND3,4750000000,True,0.6438018537332391,0.6438018537332391,-0.8124299400968691,0.8416703201981116,0.8416703201981116,1.1481513725640258,-0.12024536548438358,-0.12024536548438358,1.3596073725913245,-0.004445886653482523,fully_synthetic_software_demo
2020-06-30,SYN0024,IND4,4875000000,True,0.701051455665315,0.701051455665315,-0.37773555570043676,0.7997744735524649,0.7997744735524649,1.0875897639426133,-0.1324579520339103,-0.1324579520339103,0.6277181397828743,-0.005061630832563668,fully_synthetic_software_demo
2020-06-30,SYN0025,IND5,5000000000,True,0.7311252474525696,0.7311252474525696,-0.14938622284503084,0.9934845124401974,0.9934845124401974,1.3676029991537564,-0.13767120223070187,-0.13767120223070187,0.3152927848840681,-0.001596759175501939,fully_synthetic_software_demo
2020-06-30,SYN0026,IND1,5125000000,True,0.8022438505152946,0.8022438505152946,0.3906150406426095,0.8806858579433543,0.8806858579433543,1.2045494147629618,-0.14715693592059828,-0.14715693592059828,-0.2531786298133039,0.0120379376327424,fully_synthetic_software_demo
2020-06-30,SYN0027,IND2,5250000000,True,0.7940615122570756,0.7940615122570756,0.3284868096673113,0.939050617706669,0.939050617706669,1.28891729418463,-0.15887268285777958,-0.15887268285777958,-0.9552927153805308,0.006196497324161514,fully_synthetic_software_demo
2020-06-30,SYN0028,IND3,5375000000,True,0.8650476914600874,0.8650476914600874,0.8674825830513576,0.8307479173545589,0.8307479173545589,1.1323627362390125,-0.17360275318660745,-0.17360275318660745,-1.8380524672529241,0.010848456596039483,fully_synthetic_software_demo
2020-06-30,SYN0029,IND4,5500000000,True,0.9103115951528312,0.9103115951528312,1.2111699465799513,0.7994176518559595,0.7994176518559595,1.087073968281192,-0.12680074592020618,-0.12680074592020618,0.966749370031035,0.01996744998956461,fully_synthetic_software_demo
2020-06-30,SYN0030,IND5,5625000000,True,0.9290087950589542,0.9290087950589542,1.3531371835359767,0.6341721740006184,0.6341721740006184,0.8482070457201867,-0.12725493802338236,-0.12725493802338236,0.9395300493250415,0.009159369638477084,fully_synthetic_software_demo
